{
  "frames": {
    "altaveu.jpg": {
      "frame": {
        "x": 0,
        "y": 0,
        "w": 64,
        "h": 64
      },
      "rotated": false,
      "trimmed": false,
      "spriteSourceSize": {
        "x": 0,
        "y": 0,
        "w": 64,
        "h": 64
      },
      "sourceSize": {
        "w": 64,
        "h": 64
      },
      "pivot": {
        "x": 0.5,
        "y": 0.5
      }
    },
    "estalagmita_aiUpscale.jpg": {
      "frame": {
        "x": 0,
        "y": 64,
        "w": 64,
        "h": 64
      },
      "rotated": false,
      "trimmed": false,
      "spriteSourceSize": {
        "x": 0,
        "y": 0,
        "w": 64,
        "h": 64
      },
      "sourceSize": {
        "w": 64,
        "h": 64
      },
      "pivot": {
        "x": 0.5,
        "y": 0.5
      }
    },
    "fullaarbre.png": {
      "frame": {
        "x": 0,
        "y": 128,
        "w": 64,
        "h": 64
      },
      "rotated": false,
      "trimmed": false,
      "spriteSourceSize": {
        "x": 0,
        "y": 0,
        "w": 64,
        "h": 64
      },
      "sourceSize": {
        "w": 64,
        "h": 64
      },
      "pivot": {
        "x": 0.5,
        "y": 0.5
      }
    },
    "fusta.jpg": {
      "frame": {
        "x": 0,
        "y": 192,
        "w": 64,
        "h": 64
      },
      "rotated": false,
      "trimmed": false,
      "spriteSourceSize": {
        "x": 0,
        "y": 0,
        "w": 64,
        "h": 64
      },
      "sourceSize": {
        "w": 64,
        "h": 64
      },
      "pivot": {
        "x": 0.5,
        "y": 0.5
      }
    },
    "fustaarbre.jpg": {
      "frame": {
        "x": 0,
        "y": 256,
        "w": 64,
        "h": 64
      },
      "rotated": false,
      "trimmed": false,
      "spriteSourceSize": {
        "x": 0,
        "y": 0,
        "w": 64,
        "h": 64
      },
      "sourceSize": {
        "w": 64,
        "h": 64
      },
      "pivot": {
        "x": 0.5,
        "y": 0.5
      }
    },
    "pedra.png": {
      "frame": {
        "x": 0,
        "y": 320,
        "w": 64,
        "h": 64
      },
      "rotated": false,
      "trimmed": false,
      "spriteSourceSize": {
        "x": 0,
        "y": 0,
        "w": 64,
        "h": 64
      },
      "sourceSize": {
        "w": 64,
        "h": 64
      },
      "pivot": {
        "x": 0.5,
        "y": 0.5
      }
    },
    "terra.png": {
      "frame": {
        "x": 0,
        "y": 384,
        "w": 64,
        "h": 64
      },
      "rotated": false,
      "trimmed": false,
      "spriteSourceSize": {
        "x": 0,
        "y": 0,
        "w": 64,
        "h": 64
      },
      "sourceSize": {
        "w": 64,
        "h": 64
      },
      "pivot": {
        "x": 0.5,
        "y": 0.5
      }
    }
  },
  "meta": {
    "app": "http://free-tex-packer.com",
    "version": "0.6.6",
    "image": "texture.png",
    "format": "RGBA8888",
    "size": {
      "w": 64,
      "h": 448
    },
    "scale": 1
  }
}